393.8349609375,834.493896484375,2579.05151367187,3473.5029296875,220.820922851563,173.13134765625,81.9014358520508,144.777206420898
386.543762207031,822.0205078125,2581.53466796875,3484.40698242187,210.729797363281,161.865631103516,86.2716751098633,122.589202880859
384.688598632812,825.321716308594,2586,3496.99609375,211.126937866211,169.108963012695,106.798797607422,110.024017333984
381.522155761719,815.247253417969,2584.9423828125,3487.63720703125,202.222381591797,153.305679321289,123.849113464355,118.957939147949
390.519775390625,826.452392578125,2576.95629882812,3465.18627929687,227.794692993164,162.24674987793,102.960067749023,150.760223388672
387.148956298828,821.65234375,2584.21118164062,3474.08203125,213.691101074219,155.286926269531,104.323379516602,128.268371582031
383.925811767578,815.664855957031,2587.26733398437,3484.19897460937,204.903564453125,148.914535522461,111.145957946777,119.71541595459
387.592254638672,823.392150878906,2583.29565429687,3701.36010742188,223.166122436523,161.979919433594,116.813423156738,148.96696472168
382.899688720703,815.200134277344,2589.72827148437,3722.7724609375,210.361297607422,148.756439208984,111.960136413574,127.015586853027
383.564270019531,817.159790039062,2589.83813476563,3714.53051757813,219.675796508789,151.384735107422,93.1952362060547,112.199157714844
384.541839599609,815.321472167969,2591.26025390625,3705.06103515625,220.380813598633,142.923309326172,75.0833358764649,94.9872817993164
382.564025878906,813.195007324219,2592.75952148437,3713.95092773438,214.660125732422,141.751541137695,75.8035430908203,100.461486816406
385.897033691406,817.085327148438,2592.85302734375,3697.669921875,219.150970458984,154.225631713867,103.669578552246,125.068336486816
391.820465087891,828.970153808594,2586.76611328125,3681.49633789062,222.497619628906,158.968765258789,101.540786743164,110.370529174805
389.493835449219,827.092041015625,2587.92944335937,3699.42626953125,217.876525878906,164.420913696289,130.863479614258,136.685821533203
392.196136474609,827.96484375,2587.85498046875,3680.4912109375,223.321502685547,178.893096923828,138.534271240234,138.466659545898
388.664794921875,817.809204101562,2590.6748046875,3692.35424804687,211.38362121582,159.781921386719,150.453872680664,143.602996826172
391.663696289062,838.247009277344,2591.7548828125,3703.71166992187,218.364227294922,166.687438964844,133.69206237793,121.962692260742
391.542541503906,824.275268554688,2591.9296875,3692.87426757813,216.936309814453,156.324127197266,144.404449462891,144.024154663086
389.858795166016,822.489074707031,2601.71142578125,3687.97534179687,205.655822753906,146.219833374023,168.047164916992,157.348876953125
388.034698486328,829.208068847656,2605.25952148437,3708.62524414062,202.964279174805,147.446731567383,200.089904785156,165.490646362305
383.634552001953,821.387390136719,2597.77563476562,3679.68774414062,212.425735473633,150.965896606445,160.460891723633,146.451019287109
382.430297851562,814.446228027344,2618.5322265625,3550.34497070312,193.458511352539,134.618545532227,244.38166809082,161.503280639648
386.643035888672,816.646850585938,2601.99877929687,3529.51782226563,201.405120849609,139.563049316406,197.97233581543,160.777725219727
383.254119873047,815.838623046875,2599.54321289062,3547.95068359375,203.694442749023,139.16015625,201.390777587891,202.740219116211
380.422637939453,805.566284179688,2615.607421875,3557.60498046875,191.621078491211,126.457778930664,232.106674194336,159.462554931641
379.492980957031,810.27587890625,2608.03686523437,3569.71240234375,194.234298706055,129.745971679688,231.020797729492,158.009552001953
381.128967285156,813.708435058594,2591.9345703125,3675.86694335938,204.5087890625,128.924789428711,146.411895751953,164.836013793945
371.138000488281,796.095336914063,2595.87768554687,3708.09497070312,187.274612426758,116.648246765137,165.394287109375,168.395111083984
373.951690673828,801.400146484375,2589.68359375,3681.8173828125,198.317657470703,119.652122497559,126.417457580566,118.865592956543
372.581878662109,804.603576660156,2594.25366210937,3709.1328125,196.369216918945,125.14476776123,130.452011108398,127.85619354248
373.004577636719,802.104309082031,2592.57153320313,3698.3828125,200.273696899414,120.167808532715,102.791542053223,111.355590820313
373.241241455078,798.960388183594,2594.96826171875,3700.38745117187,194.3193359375,115.167541503906,100.881706237793,109.732795715332
373.653594970703,806.351196289062,2594.6201171875,3702.6728515625,197.857482910156,123.261627197266,104.857383728027,114.030868530273
374.144927978516,795.819519042969,2600.43969726562,3708.6171875,181.91389465332,104.957572937012,133.804885864258,139.758850097656
366.7421875,796.528991699219,2599.17895507812,3732.50659179687,184.232604980469,107.25366973877,116.268241882324,120.246757507324
371.898834228516,792.274658203125,2594.90087890625,3682.91162109375,188.733428955078,101.503921508789,112.493110656738,131.435241699219
368.844848632812,792.888000488281,2602.09887695312,3540.4111328125,175.220397949219,93.3712768554688,160.253295898438,167.496475219727
366.671356201172,786.555603027344,2600.01220703125,3692.93017578125,170.765319824219,87.6542663574219,170.345809936523,176.739151000977
367.124328613281,786.177551269531,2595.46655273438,3682.16064453125,177.735412597656,83.0438461303711,138.116241455078,159.990997314453
362.897552490234,788.707580566406,2597.65356445312,3690.01586914062,179.588775634766,83.4461441040039,134.491760253906,133.049301147461
358.967926025391,785.698303222656,2605.07568359375,3702.33813476562,163.839996337891,71.6379470825195,120.77392578125,171.988662719727
357.123687744141,785.049438476563,2613.36669921875,3754.86059570312,151.474472045898,63.9268989562988,124.059150695801,148.283569335938
356.984161376953,782.5830078125,2606.0009765625,3736.9267578125,153.758804321289,58.3219451904297,98.9963073730469,138.883255004883
357.035125732422,783.555358886719,2601.40307617187,3695.18994140625,161.333206176758,59.6715431213379,93.9637985229492,114.01782989502
355.738586425781,782.747863769531,2612.69799804688,3575.73803710937,141.955917358398,54.957691192627,123.092834472656,135.263168334961
355.7109375,781.810913085937,2617.62963867187,3579.20971679687,142.752334594727,53.0670967102051,142.843872070313,155.443710327148
360.769378662109,784.297607421875,2617.68969726563,3549.37524414062,144.209060668945,51.2415161132813,131.051147460938,155.38623046875
361.145416259766,786.150451660156,2608.80419921875,3552.98022460937,161.457550048828,58.98486328125,106.538841247559,166.619216918945
359.690948486328,784.61181640625,2621.70776367187,3577.900390625,150.896820068359,56.6622772216797,153.839721679687,148.547012329102
363.154571533203,784.738586425781,2617.36279296875,3552.59521484375,157.200668334961,59.1182098388672,161.991912841797,149.197402954102
366.21240234375,782.587524414063,2614.9482421875,3581.89013671875,158.934524536133,61.1824035644531,172.244476318359,172.901123046875
366.746795654297,783.102600097656,2626.09326171875,3561.01733398437,155.698928833008,61.3790321350098,217.892211914062,140.972396850586
361.783233642578,785.154846191406,2610.44604492188,3545.85766601563,163.780944824219,59.0399475097656,127.619323730469,166.511856079102
367.189666748047,784.399169921875,2603.85278320312,3695.08129882812,168.802719116211,59.9411277770996,138.282501220703,158.772186279297
364.812225341797,784.760681152344,2600.72314453125,3671.28100585937,170.984817504883,61.8316802978516,144.932922363281,146.446228027344
364.953735351562,783.929809570313,2601.1376953125,3660.70361328125,171.593902587891,58.782096862793,134.277465820313,128.181930541992
356.592163085937,781.818115234375,2608.55810546875,3694.107421875,151.960357666016,51.514232635498,131.690933227539,151.313323974609
363.613525390625,781.955078125,2608.2060546875,3708.77294921875,156.183120727539,52.5312271118164,147.829498291016,190.414245605469
359.705444335937,782.823059082031,2604.21630859375,3679.34545898437,156.874404907227,49.9491195678711,112.785614013672,144.037185668945
356.183166503906,782.039611816406,2610.54443359375,3715.69018554688,145.620986938477,46.8207664489746,150.963775634766,164.525909423828
354.348205566406,782.776245117188,2608.73754882812,3699.85400390625,150.719024658203,46.0849952697754,110.909507751465,121.97908782959
357.733978271484,782.868591308594,2606.1123046875,3711.14038085937,156.153701782227,46.4878540039063,99.6787414550781,124.101600646973
356.472229003906,782.049072265625,2607.83569335937,3704.4228515625,146.315200805664,43.530891418457,126.992538452148,156.081329345703
355.473236083984,782.375427246094,2605.19140625,3707.3017578125,155.208358764648,47.6689071655273,116.283271789551,135.732192993164
360.145599365234,782.808410644531,2603.46313476562,3692.3095703125,157.660064697266,46.2473602294922,112.090744018555,119.808738708496
356.039093017578,781.944396972656,2612.11474609375,3705.03491210937,141.280944824219,41.9120903015137,145.93522644043,177.869720458984
358.795806884766,781.845703125,2608.67724609375,3702.99389648437,153.345062255859,48.1335563659668,136.703170776367,150.75520324707
356.342956542969,784.274841308594,2614.0634765625,3716.39135742187,149.887725830078,44.8600807189941,115.256759643555,165.898040771484
357.385681152344,784.311584472656,2616.66064453125,3734.61010742187,150.945770263672,44.9281311035156,124.91625213623,150.359344482422
354.073760986328,782.706176757813,2615.86254882812,3732.5537109375,136.761825561523,37.7543411254883,112.50016784668,131.560043334961
358.519744873047,783.72119140625,2612.02221679688,3717.24829101562,151.816040039063,42.7284088134766,107.628837585449,113.72403717041
355.736785888672,783.200805664063,2620.31665039062,3727.39038085937,141.962951660156,37.9800262451172,128.281234741211,144.736831665039
352.994171142578,784.591674804688,2612.47900390625,3719.11938476563,141.393005371094,39.3531341552734,141.463577270508,121.815841674805
354.791107177734,786.927124023438,2619.39013671875,3726.65380859375,148.318069458008,37.6520538330078,101.528060913086,104.991661071777
364.573364257812,788.162231445313,2612.30200195312,3710.6376953125,170.063339233398,41.5334358215332,92.0493545532227,94.7849502563477
361.999938964844,788.921203613281,2616.13549804688,3722.94409179687,163.338256835938,40.324333190918,85.4651565551758,92.3556900024414
364.379119873047,789.827453613281,2614.77270507812,3706.0146484375,167.580978393555,40.3701591491699,89.020149230957,81.4143371582031
356.059661865234,786.758728027344,2623.5810546875,3734.29638671875,145.051940917969,37.2273254394531,118.314575195313,116.457511901855
360.322570800781,787.526123046875,2616.31591796875,3718.62719726562,162.281753540039,41.6974487304688,123.650451660156,115.504875183105
361.537170410156,789.299621582031,2615.56103515625,3718.66943359375,165.925003051758,42.3964576721191,119.460922241211,108.586631774902
359.351501464844,788.745910644531,2614.8935546875,3711.72509765625,169.260147094727,44.869026184082,119.696083068848,99.2840805053711
364.986694335937,788.598693847656,2617.50903320312,3714.78344726563,163.634826660156,40.0642051696777,109.269065856934,94.0483779907227
363.371948242187,786.512145996094,2621.55786132812,3723.14624023437,157.370864868164,41.5505714416504,165.150695800781,125.872146606445
364.959625244141,786.599304199219,2619.16528320313,3717.91870117187,162.241317749023,41.102352142334,162.656967163086,120.541275024414
361.498046875,786.804931640625,2626.36791992187,3713.46997070312,157.914291381836,42.0458679199219,212.248291015625,136.610488891602
362.145935058594,787.74462890625,2617.8037109375,3714.271484375,163.641021728516,43.4143753051758,200.503692626953,120.418823242188
360.804931640625,787.874938964844,2620.291015625,3712.6279296875,158.808609008789,39.1603660583496,157.806976318359,112.86547088623
364.57568359375,786.324279785156,2614.92065429687,3695.56225585937,165.568664550781,41.8866424560547,199.027114868164,117.073699951172
358.924041748047,786.280151367188,2624.10034179688,3710.73022460937,149.490844726563,36.6352996826172,194.792221069336,121.972099304199
356.275604248047,786.774169921875,2617.45190429688,3712.25219726562,155.096206665039,36.2917098999023,131.989944458008,95.5498428344727
361.994750976562,786.914123535156,2613.38208007812,3707.048828125,157.471618652344,36.3086090087891,128.953765869141,96.2187728881836
364.097473144531,787.184265136719,2614.66064453125,3702.2138671875,166.516784667969,39.4697456359863,132.034545898438,100.156097412109
361.947326660156,788.332397460938,2619.40600585937,3710.26586914062,166.134780883789,41.0968894958496,166.078506469727,112.296119689941
357.909973144531,787.766662597656,2616.74145507813,3712.56762695312,158.596664428711,37.8531036376953,125.97583770752,88.4625091552734
364.622894287109,790.706665039063,2615.51684570312,3712.51245117187,174.524108886719,39.627067565918,99.7184753417969,74.9161148071289
365.858551025391,791.173767089844,2619.947265625,3714.71752929687,180.836700439453,40.0042037963867,97.6957778930664,78.0117034912109
363.309753417969,792.164978027344,2622.23852539062,3718.57275390625,178.425170898438,38.9511375427246,98.5550231933594,85.4592742919922
363.917602539063,790.198181152344,2619.95922851562,3720.86181640625,174.586288452148,39.1292457580566,117.689407348633,97.8148345947266
362.831512451172,790.318481445313,2617.03564453125,3708.541015625,171.518890380859,37.6587753295898,126.772262573242,84.0642471313477
356.930297851562,791.318725585938,2618.03515625,3709.89892578125,161.110977172852,35.5193099975586,140.340393066406,87.3681869506836
358.970367431641,787.796691894531,2618.41162109375,3710.87915039062,162.486862182617,34.5991897583008,122.897453308105,85.6506118774414
361.880004882812,787.2470703125,2613.24169921875,3703.31176757812,160.675384521484,36.8543281555176,170.933059692383,96.3465881347656
362.770843505859,789.940124511719,2614.51635742187,3706.35205078125,172.47966003418,35.7027740478516,122.809638977051,72.5218887329102
362.678344726562,788.815490722656,2620.3525390625,3711.72314453125,161.891159057617,34.0065460205078,141.338592529297,82.1679077148437
364.238891601562,790.45849609375,2614.92749023437,3696.15380859375,174.076919555664,35.7841262817383,146.27001953125,74.3988723754883
357.783233642578,790.548583984375,2623.35229492187,3719.23657226562,161.92790222168,33.4875106811523,131.275543212891,86.5783004760742
361.794006347656,790.4951171875,2622.63647460937,3707.0078125,167.359817504883,34.6901702880859,157.953567504883,73.8284683227539
363.382232666016,791.101745605469,2622.76147460937,3716.77514648437,166.251358032227,31.8049449920654,137.212509155273,76.4240264892578
370.072723388672,792.462768554688,2623.65234375,3709.43627929688,177.320938110352,33.946533203125,139.90412902832,85.7344818115234
362.740936279297,789.126403808594,2622.49365234375,3712.94848632812,159.40852355957,32.9768028259277,179.766189575195,96.2717437744141
361.860107421875,792.252563476563,2624.73022460937,3717.39575195312,164.431762695313,29.5533218383789,156.694366455078,91.9978179931641
357.173614501953,789.607116699219,2631.06665039062,3725.00048828125,151.563949584961,29.6672401428223,183.009353637695,118.223655700684
361.699279785156,790.364440917969,2630.58544921875,3713.32836914062,158.97233581543,29.9139804840088,225.049453735352,104.878288269043
359.694549560547,788.672058105469,2622.7392578125,3708.53173828125,156.385330200195,30.3562297821045,230.930511474609,99.2456970214844
363.000061035156,790.592895507813,2623.73364257812,3709.14868164063,159.309173583984,29.4474201202393,178.733688354492,84.8250961303711
361.165954589844,789.73291015625,2624.26733398437,3707.79833984375,158.576736450195,30.2467384338379,216.611785888672,91.8918533325195
359.647491455078,791.520690917969,2619.54565429687,3711.033203125,165.129669189453,30.20090675354,191.843307495117,76.8296279907227
368.784606933594,791.416442871094,2620.62866210937,3702.9423828125,175.762481689453,31.642707824707,194.367874145508,75.7215194702148
359.760955810547,790.862365722656,2630.02954101563,3708.76196289062,158.183975219727,29.1523399353027,253.8740234375,102.653205871582
363.341400146484,791.309997558594,2623.13549804687,3712.77197265625,162.140167236328,29.2059440612793,195.275009155273,82.3947982788086
363.403930664062,791.443054199219,2619.99291992187,3712.08569335937,169.181793212891,29.7986965179443,219.138549804688,81.2810745239258
365.513458251953,792.402954101563,2629.52905273437,3717.1103515625,163.967254638672,29.0570983886719,196.825576782227,93.9624786376953
359.045928955078,791.751342773437,2632.39331054687,3718.21606445312,158.717132568359,28.4387912750244,212.056945800781,98.281867980957
361.602600097656,791.752990722656,2620.24682617188,3709.56176757812,171.956741333008,30.3122596740723,216.218734741211,83.5110092163086
360.221313476563,790.413635253906,2627.32177734375,3716.68994140625,152.313110351563,28.1506690979004,216.378143310547,89.216667175293
367.151824951172,791.118774414062,2625.43505859375,3707.57592773437,169.338943481445,30.0910148620605,220.986373901367,81.9941787719727
355.165618896484,791.923950195313,2632.88159179687,3718.21997070312,150.099014282227,25.6579456329346,223.84553527832,85.2480163574219
358.218414306641,792.141418457031,2631.42895507813,3719.28295898438,149.157043457031,23.995475769043,185.903549194336,77.884391784668
358.815673828125,789.8310546875,2632.11840820312,3723.11083984375,148.422744750977,24.2964973449707,210.133102416992,96.3212127685547
362.060394287109,789.725036621094,2627.00756835937,3709.2451171875,157.737258911133,25.0466537475586,226.208206176758,84.4625015258789
361.980804443359,790.91796875,2622.68920898437,3709.044921875,157.7099609375,25.1451206207275,214.260482788086,78.3739852905273
356.757415771484,792.2822265625,2637.49633789062,3721.13696289062,145.506256103516,24.6527290344238,196.855560302734,84.2327575683594
356.119934082031,792.923828125,2641.64331054687,3730.56982421875,151.085525512695,24.5315895080566,168.859588623047,105.468559265137
362.773986816406,792.317687988281,2627.5908203125,3717.93090820312,160.656433105469,25.8730716705322,201.869079589844,78.1916427612305
363.862701416016,793.043334960938,2630.7744140625,3717.8095703125,168.878982543945,26.5164279937744,167.877319335938,73.5772171020508
362.89990234375,793.691162109375,2630.4912109375,3711.10009765625,174.563201904297,28.5807552337646,189.618682861328,83.5944519042969
357.519256591797,792.84326171875,2626.84545898437,3719.02294921875,151.981781005859,26.2098617553711,191.158767700195,81.4197769165039
359.393707275391,792.172180175781,2627.96118164063,3719.68896484375,157.769622802734,28.4082221984863,205.151290893555,95.7097625732422
362.411865234375,793.457580566406,2628.22998046875,3718.6533203125,163.784408569336,28.9969444274902,169.100387573242,72.2529754638672
358.993774414062,793.614074707031,2623.55908203125,3713.650390625,166.975631713867,31.0902004241943,186.001678466797,71.5542831420899
361.905639648438,793.644714355469,2629.3564453125,3720.68798828125,166.16357421875,31.2327136993408,154.566192626953,76.8616714477539
361.365570068359,793.763610839844,2631.50805664062,3723.4775390625,168.172348022461,32.6905288696289,168.161376953125,84.085205078125
354.806335449219,796.065979003906,2636.25634765625,3729.6484375,153.079940795898,30.0508499145508,175.109878540039,86.7737426757813
355.653045654297,795.490783691406,2643.015625,3736.14599609375,151.590423583984,29.6389617919922,143.545257568359,105.385772705078
360.101287841797,793.303527832031,2633.24633789062,3717.37426757812,161.736053466797,31.8856964111328,171.798965454102,93.9660110473633
357.579284667969,792.0595703125,2630.90893554687,3713.36254882813,161.434417724609,32.2700500488281,178.256134033203,76.5492553710938
360.786437988281,791.446350097656,2627.08740234375,3701.31958007812,166.400894165039,33.9139709472656,230.474105834961,71.2361373901367
357.232757568359,789.82177734375,2621.693359375,3702.04321289062,161.835144042969,31.8134880065918,222.112899780273,66.1037368774414
358.365600585938,790.172058105469,2628.90576171875,3698.775390625,161.414428710938,30.7404651641846,261.993011474609,71.8450698852539
353.490386962891,789.565246582031,2624.48950195312,3705.50732421875,152.574783325195,28.7401142120361,205.77180480957,58.5223045349121
354.858581542969,789.162536621094,2622.95263671875,3700.85131835937,154.267486572266,27.4715042114258,234.26237487793,65.4005126953125
350.839874267578,788.521606445313,2618.77099609375,3695.40551757812,147.815200805664,26.3233203887939,249.652557373047,55.0808563232422
353.341705322266,789.259948730469,2625.98754882812,3692.89697265625,164.36946105957,29.6876525878906,283.081665039062,70.9511184692383
352.332672119141,787.625,2626.16723632813,3698.33984375,151.702041625977,27.029369354248,293.403289794922,74.7716217041016
351.610473632812,787.03271484375,2614.44287109375,3690.03686523437,150.838195800781,27.0613346099854,282.991271972656,58.8743286132813
350.345916748047,787.072448730469,2608.76586914062,3681.22216796875,157.203948974609,27.5362510681152,324.843475341797,62.9741706848145
352.35107421875,786.656005859375,2627.05249023437,3689.78295898438,148.521392822266,26.5382289886475,308.236907958984,77.0322036743164
350.276428222656,787.056030273438,2616.19799804687,3687.3818359375,149.779251098633,26.2028388977051,290.663513183594,63.8205718994141
355.752899169922,787.708374023438,2612.60180664063,3689.11547851562,161.063125610352,28.0083084106445,312.90087890625,64.4788970947266
354.115539550781,789.120361328125,2621.90209960937,3688.97021484375,164.083099365234,27.2578353881836,314.143646240234,64.838134765625
351.048980712891,787.16796875,2626.27490234375,3694.33154296875,153.625854492188,25.8695449829102,320.675994873047,75.163948059082
354.118988037109,788.374694824219,2632.86645507812,3694.80078125,150.177490234375,24.1886806488037,297.850677490234,78.5091934204102
350.413177490234,787.393127441406,2637.37573242188,3695.30102539062,138.59326171875,23.0541610717773,312.992401123047,86.4934310913086
353.922698974609,788.342590332031,2635.58129882812,3696.15380859375,153.796890258789,24.2601070404053,278.697875976562,74.3341445922852
354.084777832031,788.099060058594,2635.35205078125,3693.67944335937,147.317581176758,22.7193870544434,340.5107421875,75.2192764282227
354.232025146484,785.504943847656,2639.2373046875,3689.40307617187,147.141036987305,22.7562580108643,328.321563720703,80.7582931518555
355.311157226562,786.974853515625,2635.07250976562,3686.44067382812,149.454315185547,23.206449508667,354.248107910156,76.0505065917969
356.473663330078,787.428771972656,2631.56176757812,3690.91186523437,151.757995605469,22.6490707397461,306.688079833984,78.4265899658203
356.174926757812,786.778503417969,2629.68212890625,3690.53515625,152.147796630859,22.6740264892578,333.974578857422,80.4917755126953
351.389465332031,788.711059570313,2617.14331054687,3694.95190429687,164.831878662109,23.6526165008545,306.023681640625,71.1081848144531
352.877655029297,790.752319335938,2620.34912109375,3705.34545898437,159.374160766602,21.6694984436035,282.239440917969,71.803581237793
352.169830322266,790.296447753906,2631.86328125,3697.025390625,159.683197021484,20.95729637146,320.438873291016,83.4714202880859
346.285583496094,789.85546875,2620.33325195312,3699.55004882812,156.57795715332,22.7927856445312,347.835876464844,101.139854431152
352.281311035156,789.534790039063,2622.45751953125,3696.84838867187,153.134658813477,21.9884815216064,319.83251953125,75.822509765625
354.714813232422,789.498168945313,2628.60498046875,3692.84545898437,162.315078735352,23.598503112793,347.341949462891,78.808837890625
358.518585205078,790.261291503906,2628.3896484375,3699.88037109375,170.160049438477,23.7826366424561,263.758605957031,67.5804443359375
354.141510009766,790.955810546875,2616.4951171875,3696.599609375,177.150451660156,24.2716178894043,298.252288818359,59.1308097839355
358.210723876953,789.528930664063,2624.96069335937,3696.43823242188,167.487243652344,23.4023170471191,300.379089355469,63.7870674133301
356.379791259766,789.638854980469,2620.07836914062,3691.90161132812,167.779663085938,23.5129699707031,321.660827636719,67.2402877807617
356.400146484375,788.733215332031,2624.44921875,3691.59790039062,164.114196777344,22.9257335662842,381.313568115234,64.5539703369141
353.954071044922,788.820983886719,2615.61401367187,3696.1201171875,156.743499755859,21.6992721557617,309.634918212891,58.9737434387207
356.487365722656,788.61669921875,2617.02221679687,3695.89306640625,160.298248291016,22.2124252319336,283.662414550781,58.4096488952637
355.258697509766,788.653137207031,2615.87426757812,3692.01049804687,159.745086669922,22.0168876647949,364.817047119141,64.4714584350586
358.660888671875,787.773254394531,2593.0810546875,3687.36279296875,165.282836914063,22.6683464050293,393.243041992188,50.8843231201172
356.282287597656,788.20068359375,2604.29907226563,3683.92822265625,172.401092529297,23.3520603179932,346.077819824219,47.2510948181152
360.471466064453,789.314270019531,2612.91625976562,3691.28588867187,173.587432861328,23.2604084014893,316.055114746094,54.6005630493164
357.049072265625,788.967346191406,2617.55712890625,3692.98852539062,164.218719482422,21.813159942627,381.353332519531,65.5911560058594
354.340667724609,790.489196777344,2616.5888671875,3699.93994140625,156.066970825195,20.9766807556152,346.649505615234,68.5850372314453
360.436370849609,790.184143066406,2606.37915039062,3694.37744140625,176.27653503418,22.9092426300049,359.417663574219,60.5855140686035
353.523651123047,789.399108886719,2607.95483398438,3695.056640625,166.968734741211,22.037145614624,333.559051513672,62.2357902526855
357.434661865234,790.216369628906,2606.86987304687,3691.97729492187,176.565475463867,23.1700458526611,374.291595458984,54.4057197570801
357.623016357422,789.728576660156,2613.80981445313,3695.23510742188,162.543319702148,21.6775722503662,397.891876220703,72.3795852661133
356.379028320312,791.316833496094,2601.3623046875,3695.24560546875,181.226196289062,23.4948978424072,379.246887207031,68.8407592773438
357.063751220703,789.1982421875,2613.90600585937,3686.63598632812,166.972564697266,22.114933013916,502.095397949219,62.5162620544434
357.510986328125,787.8017578125,2628.04028320312,3688.5205078125,159.90007019043,20.9870586395264,451.297607421875,66.752197265625
354.505645751953,788.508056640625,2620.83081054688,3685.6015625,156.656967163086,21.2957897186279,473.336090087891,70.1312255859375
357.093963623047,788.470031738281,2600.74731445312,3684.4013671875,170.606094360352,22.3605041503906,514.910278320312,70.1222534179688
355.754791259766,788.542175292969,2623.67919921875,3682.78442382812,163.143829345703,21.0646648406982,559.417114257812,65.3635025024414
364.153686523438,789.634948730469,2600.68432617187,3686.88623046875,186.406921386719,24.4770355224609,481.946258544922,53.2562217712402
357.991546630859,790.318969726563,2602.46215820312,3689.314453125,200.929595947266,25.8760795593262,455.611328125,55.1854934692383
361.557800292969,790.197143554687,2610.744140625,3690.00390625,190.041687011719,24.0316791534424,473.638580322266,57.584400177002
360.840942382812,790.221984863281,2604.82568359375,3690.3134765625,194.998291015625,23.6075839996338,373.659454345703,48.5149993896484
360.955810546875,789.085632324219,2600.02124023437,3682.25073242187,195.33869934082,25.0393123626709,542.499816894531,51.9035949707031
359.51416015625,789.026062011719,2602.4658203125,3682.96142578125,188.297882080078,23.5121517181396,480.152709960938,52.0511589050293
359.726623535156,790.198669433594,2615.87329101562,3686.68090820312,183.269744873047,22.6524066925049,490.104888916016,65.0797500610352
358.776000976562,789.79931640625,2621.21655273438,3686.2216796875,171.323837280273,22.2362976074219,581.9091796875,62.8744583129883
359.404632568359,791.259582519531,2610.04760742187,3692.91015625,189.421203613281,23.4073905944824,454.332489013672,57.563835144043
352.291564941406,790.711730957031,2638.98510742187,3687.4169921875,183.580001831055,23.2517642974854,600.201782226563,60.1886367797852
362.107452392578,791.512451171875,2605.95703125,3692.11791992188,198.967178344727,24.6465396881104,468.324981689453,62.5011787414551
360.556304931641,792.342712402344,2603.251953125,3694.35888671875,202.075286865234,25.3254661560059,429.309478759766,61.3569526672363
355.933776855469,792.415405273438,2605.29028320312,3693.26049804687,199.466705322266,23.5775012969971,411.391174316406,62.8863182067871
357.653594970703,792.23974609375,2612.42016601562,3693.38500976562,190.33757019043,22.7024631500244,388.250183105469,63.0222969055176
359.661682128906,792.322204589844,2608.38891601562,3695.78369140625,190.640563964844,23.0116806030273,422.826568603516,58.2206726074219
358.109222412109,792.715942382813,2620.38989257812,3697.09008789063,188.989273071289,22.8862762451172,404.272979736328,67.1920318603516
358.433166503906,793.145324707031,2618.27465820312,3695.4296875,203.131057739258,24.6860752105713,382.904144287109,58.685359954834
361.758422851562,792.402465820313,2607.08251953125,3696.16674804687,197.142486572266,24.4352588653564,384.305419921875,54.7107353210449
362.62646484375,792.292114257813,2609.6865234375,3698.77099609375,203.0859375,25.449146270752,318.794006347656,56.4709320068359
357.205200195312,792.032043457031,2609.26123046875,3694.830078125,193.904067993164,24.6808032989502,343.560272216797,62.5988235473633
361.790832519531,793.533081054688,2615.951171875,3700.4638671875,208.905990600586,25.2651901245117,307.047302246094,60.3176803588867
368.178039550781,793.099670410156,2609.92944335938,3696.65747070312,227.115875244141,27.3642730712891,371.905395507813,61.0428695678711
364.393798828125,792.696960449219,2605.62133789062,3695.1572265625,221.055236816406,25.2604141235352,407.804748535156,60.711612701416
360.845947265625,791.569946289063,2596.125,3691.84326171875,213.152770996094,23.6129055023193,469.929321289063,57.7590789794922
361.579711914062,792.161315917969,2610.48071289062,3694.595703125,215.617599487305,24.118824005127,421.077209472656,62.5923385620117
362.392059326172,792.805725097656,2622.66357421875,3692.45458984375,221.853759765625,24.124231338501,520.286743164063,59.6870384216309
366.974304199219,792.132873535156,2614.60766601563,3691.53784179688,214.21044921875,24.2788066864014,571.146545410156,57.2425079345703
363.446929931641,792.277893066406,2622.98754882812,3691.82934570312,222.118881225586,24.4079303741455,496.524291992187,59.9220886230469
365.604309082031,792.849609375,2613.19506835938,3697.47265625,213.003967285156,23.7425708770752,402.002166748047,71.8297805786133
368.248504638672,794.115112304688,2605.37963867187,3697.80224609375,225.850952148437,23.7233600616455,378.594909667969,68.6998977661133
363.716949462891,793.729614257813,2613.58129882812,3694.27465820312,234.86100769043,24.7426414489746,462.632171630859,68.7150726318359
369.264556884766,792.943054199219,2600.046875,3693.66137695312,243.598739624023,26.3493118286133,517.584899902344,53.068115234375
375.123779296875,793.939025878906,2608.72729492187,3695.65600585937,260.226959228516,26.9517498016357,490.584442138672,64.0379104614258
361.711273193359,793.923461914063,2638.18774414062,3693.76171875,243.563613891602,24.9944019317627,625.483215332031,60.5034561157227
361.783813476563,794.274719238281,2627.77001953125,3695.23950195312,248.729461669922,25.7422428131103,556.8046875,62.3028984069824
363.529083251953,794.287414550781,2644.4384765625,3691.82861328125,264.491333007813,28.6227416992187,627.236572265625,61.8812866210938
373.928558349609,794.934326171875,2625.10424804687,3699.2236328125,264.860626220703,28.4621639251709,565.622436523438,58.5123863220215
360.886260986328,794.547973632813,2629.83911132812,3691.59057617187,259.778259277344,25.8306503295898,570.050720214844,67.9285125732422
360.624359130859,793.603698730469,2609.75048828125,3695.14282226562,231.355514526367,24.3505611419678,548.236145019531,56.9996528625488
359.936614990234,793.809387207031,2612.052734375,3695.58642578125,240.827499389648,24.8924350738525,584.177978515625,53.0481605529785
362.775909423828,793.383544921875,2616.76342773438,3696.57983398438,243.774566650391,25.3710918426514,564.747253417969,58.8807106018066
361.310394287109,794.638427734375,2653.3779296875,3693.28051757812,262.859008789062,26.7957782745361,598.085266113281,59.3748970031738
356.571594238281,793.62744140625,2737.49194335937,3691.34301757812,241.293869018555,24.8640174865723,743.964050292969,57.8663063049316
356.238220214844,794.550048828125,2833.98071289063,3691.50463867187,252.504318237305,25.2468128204346,616.746032714844,57.1793403625488
352.832214355469,795.966735839844,2703.55517578125,3701.46997070312,274.1337890625,26.3948020935059,720.529235839844,57.9743881225586
352.856262207031,796.323974609375,2721.36962890625,3697.099609375,290.562438964844,27.1710224151611,564.578430175781,57.9906387329102
356.138305664062,795.610229492188,2768.34619140625,3693.52612304688,263.43359375,25.8735332489014,657.687072753906,63.5046310424805
360.277984619141,797.19189453125,2702.74609375,3703.59594726562,295.189697265625,27.4412097930908,534.126220703125,50.1225662231445
359.820587158203,797.157592773438,2752.52270507813,3702.18798828125,283.963684082031,26.4231281280518,529.541259765625,57.9856643676758
356.837432861328,795.452209472656,2771.18505859375,3693.50122070312,271.185272216797,25.6372299194336,566.454406738281,53.4138603210449
361.653381347656,793.384765625,2719.62329101562,3689.26391601562,263.499053955078,25.2425136566162,719.606323242188,56.730583190918
361.761383056641,792.000122070313,2811.34350585938,3680.16625976562,244.240127563477,24.1185531616211,685.446044921875,66.4719390869141
368.659362792969,792.674255371094,2690.08129882812,3687.70092773437,259.401489257812,25.3629665374756,771.559265136719,58.0576171875
367.643768310547,793.523742675781,2827.90112304688,3685.83911132812,274.943450927734,27.397912979126,658.054992675781,56.9759712219238
362.616119384766,793.742736816406,2834.65649414062,3686.80590820312,282.388214111328,26.1275081634521,615.92578125,56.7080955505371
353.047698974609,792.587219238281,2893.61499023437,3686.11743164062,283.831207275391,25.5433311462402,673.684326171875,47.2845840454102
355.336791992187,792.253601074219,2816.38696289062,3687.0947265625,271.606689453125,25.910572052002,596.200805664062,43.1668548583984
354.698822021484,793.058959960938,2853.3056640625,3687.45556640625,260.870758056641,24.2044486999512,526.96630859375,43.2278671264649
360.7607421875,793.97265625,2799.4716796875,3690.88671875,307.582397460938,26.3241958618164,540.881896972656,47.7806167602539
360.359771728516,793.902221679688,2823.23364257812,3688.0341796875,299.382385253906,25.7589473724365,525.332641601563,52.7130470275879
349.550140380859,793.776428222656,2826.60131835937,3690.75854492187,288.837463378906,24.7602195739746,540.280883789063,42.3206367492676
352.471893310547,794.226745605469,2872.84521484375,3692.82348632812,272.423767089844,24.7718811035156,605.148742675781,50.4428176879883
354.025573730469,795.575744628906,2837.1708984375,3701.17944335938,313.436370849609,26.7117099761963,545.623413085938,41.5330390930176
351.486633300781,795.978271484375,2832.92529296875,3701.81640625,313.073059082031,26.3513507843018,452.396697998047,38.2823600769043
353.339996337891,797.1943359375,2795.1787109375,3701.93798828125,307.856811523438,25.4928646087646,415.751068115234,44.2296752929687
358.684265136719,797.056030273438,2808.794921875,3699.24340820313,314.437774658203,26.8881053924561,431.724273681641,49.1681327819824
356.960723876953,796.669921875,2804.13061523437,3698.12768554688,337.974456787109,29.3879547119141,428.573516845703,48.8903656005859
355.232696533203,796.179321289063,2804.43725585937,3694.31079101563,316.110382080078,28.0706768035889,423.822052001953,46.1488952636719
355.212066650391,796.564453125,2790.732421875,3700.73681640625,336.770690917969,28.4110336303711,432.410552978516,45.3622665405274
351.038452148437,796.759094238281,2784.66918945312,3701.16235351562,319.376770019531,27.377592086792,447.768981933594,44.7585945129395
346.445190429687,797.08251953125,2795.61987304687,3706.71142578125,309.172485351562,27.3780117034912,441.626647949219,45.434253692627
351.211944580078,798.257629394531,2773.13989257813,3705.77514648437,314.864074707031,27.5272827148437,411.382019042969,49.4700469970703
357.114990234375,798.173767089844,2769.748046875,3703.10546875,316.631896972656,28.2897300720215,435.451354980469,52.0214424133301
349.622253417969,797.52978515625,2794.29931640625,3698.8564453125,319.060089111328,27.5585021972656,424.511901855469,51.3269004821777
354.360382080078,798.790588378906,2780.04418945312,3703.56762695312,329.759246826172,28.9954147338867,403.095855712891,56.3205757141113
353.964660644531,798.226501464844,2794.16918945312,3704.26171875,325.42529296875,28.3600635528564,435.212890625,47.8657875061035
350.500518798828,798.78955078125,2774.00659179687,3707.8720703125,330.467712402344,28.8096694946289,433.952117919922,56.3783683776856
353.192047119141,799.003540039063,2781.71020507812,3702.146484375,320.996490478516,27.8183116912842,410.912322998047,55.6803855895996
361.720428466797,798.35546875,2786.5380859375,3698.91967773437,355.043579101562,30.9502563476562,416.356323242188,59.6805992126465
360.145263671875,797.842041015625,2778.07641601562,3699.1982421875,342.692138671875,29.0141220092773,377.60009765625,51.2306175231934
354.217468261719,798.279846191406,2792.052734375,3696.71899414062,321.731506347656,27.3995361328125,420.088470458984,57.7068977355957
358.878540039063,797.889709472656,2792.98315429687,3697.5009765625,331.712371826172,28.4713935852051,409.711669921875,55.4206123352051
352.993774414062,797.935302734375,2771.90600585938,3694.85693359375,329.090118408203,28.1113567352295,392.708984375,58.2113037109375
360.575164794922,796.475341796875,2788.69702148438,3696.75952148437,325.25927734375,28.0282421112061,431.535308837891,49.1890296936035
356.050415039063,796.5078125,2780.81567382812,3696.2177734375,316.866363525391,27.0868396759033,396.846374511719,49.1407470703125
359.164703369141,796.512023925781,2781.38989257812,3690.94213867187,332.058868408203,27.8608016967773,402.077423095703,55.2211799621582
363.445556640625,795.939758300781,2794.3251953125,3692.12255859375,322.458831787109,27.7574234008789,442.793823242188,50.9873924255371
358.893005371094,795.694763183594,2805.9150390625,3695.5361328125,303.475524902344,26.2714347839355,421.107360839844,42.4316101074219
361.662109375,794.80908203125,2790.02954101562,3689.14135742187,299.881225585937,26.3114833831787,445.330474853516,48.3421783447266
358.324920654297,793.722106933594,2794.47119140625,3687.68359375,299.079559326172,26.6698169708252,493.789642333984,52.4890022277832
358.69482421875,794.638977050781,2798.34399414062,3690.05590820312,293.734100341797,26.1750068664551,531.130798339844,49.7949409484863
359.872039794922,794.429504394531,2808.23608398437,3692.66162109375,309.505798339844,26.479907989502,493.377136230469,43.0464706420898
357.542114257812,794.633117675781,2804.45483398438,3695.11889648437,312.435485839844,26.5966033935547,488.138275146484,42.2939682006836
357.095520019531,794.444091796875,2818.28784179687,3691.31713867187,297.129241943359,24.7031841278076,508.996765136719,45.4620361328125
369.490753173828,793.784790039063,2819.8935546875,3687.81909179688,306.583160400391,26.0105991363525,498.057342529297,45.938362121582
362.848297119141,793.869384765625,2815.35131835937,3684.9609375,298.143157958984,25.5602893829346,455.212738037109,48.6924934387207
360.824645996094,793.827331542969,2820.02490234375,3685.93872070312,305.871704101562,26.5202751159668,455.108489990234,44.0642356872559
357.870574951172,793.705871582031,2821.79541015625,3689.25708007812,300.006500244141,26.1716384887695,473.079772949219,42.7995529174805
355.790802001953,794.466857910156,2822.8994140625,3694.00903320312,320.087921142578,27.6091861724854,477.535217285156,45.0080490112305
355.691864013672,795.031494140625,2825.8486328125,3692.12915039062,304.247009277344,25.6061153411865,482.027130126953,47.0213088989258
359.685729980469,794.358520507813,2829.01831054687,3690.7939453125,306.583526611328,27.0997886657715,472.888275146484,48.0074844360352
356.553527832031,794.453186035156,2835.6298828125,3688.80541992187,317.061981201172,25.7961864471436,473.565368652344,47.9110908508301
362.054656982422,794.303405761719,2848.5302734375,3689.83642578125,301.080108642578,25.5123176574707,504.558197021484,47.0209808349609
357.584594726563,794.635620117188,2829.72045898437,3687.13403320312,321.301177978516,27.6608695983887,458.310211181641,51.7615089416504
363.879455566406,794.546875,2853.33837890625,3692.2470703125,315.896728515625,26.9335994720459,511.121337890625,46.6111640930176
359.457763671875,793.269165039063,2845.98217773437,3687.66796875,307.764404296875,26.1888599395752,482.348052978516,42.8518447875977
359.482055664062,791.987182617187,2857.4326171875,3685.50708007812,313.971466064453,26.9516582489014,551.863403320313,43.3686637878418
354.216735839844,792.471069335938,2859.2392578125,3686.36987304687,279.77978515625,24.6280918121338,545.263671875,45.1417388916016
361.622619628906,792.693359375,2839.62817382812,3691.64599609375,342.902252197266,28.3550643920898,523.709228515625,41.8053588867187
362.631286621094,792.923522949219,2831.24755859375,3687.98974609375,326.983764648437,27.4763298034668,497.200531005859,41.5262565612793
361.789733886719,792.151489257813,2819.859375,3686.72265625,325.572601318359,27.43994140625,435.888824462891,41.6747131347656
365.255798339844,791.924194335938,2815.1953125,3684.10620117187,348.874267578125,28.8602199554443,466.148071289063,45.1696701049805
355.234893798828,792.173645019531,2849.52416992187,3684.06787109375,326.674072265625,26.1917572021484,482.682159423828,44.161491394043
348.414489746094,792.19189453125,2869.34838867188,3689.52905273437,310.636901855469,26.0434246063232,498.271118164063,38.2048683166504
350.595764160156,792.657958984375,2836.0673828125,3685.16040039062,332.020812988281,26.2610511779785,460.630950927734,45.9230728149414
354.685974121094,793.045715332031,2821.302734375,3687.3232421875,338.765777587891,27.0384922027588,429.609161376953,47.2808265686035
360.308624267578,794.478393554688,2825.75073242187,3694.85327148438,328.737487792969,26.1862049102783,416.475463867188,43.773078918457
353.115631103516,793.860168457031,2818.33959960937,3693.7744140625,354.979461669922,27.129487991333,396.301177978516,40.0592956542969
356.385040283203,792.765930175781,2818.0771484375,3685.4677734375,368.476135253906,28.8125076293945,390.478302001953,42.5843963623047
357.597229003906,793.234130859375,2824.24633789062,3689.66235351562,324.819641113281,25.6887702941895,421.515441894531,43.3346138000488
354.977966308594,793.612976074219,2826.75073242187,3692.66455078125,338.50634765625,26.0769691467285,391.351928710937,39.8270645141602
348.177459716797,793.931701660156,2832.30932617187,3690.2607421875,332.981994628906,26.0695724487305,419.802093505859,46.450927734375
352.949859619141,794.422546386719,2796.421875,3692.52294921875,355.519958496094,26.9819049835205,374.027618408203,45.8387107849121
366.796752929688,794.688598632813,2820.79663085938,3689.81298828125,335.731414794922,26.0463562011719,413.377899169922,46.6089324951172
354.928375244141,794.0849609375,2817.06567382812,3693.30346679688,323.469482421875,24.8633136749268,367.938720703125,40.5942001342774
351.184265136719,794.702575683594,2801.72827148438,3692.0400390625,334.984771728516,24.9500885009766,367.182403564453,43.7774925231934
360.736694335937,794.919799804688,2820.22485351562,3688.13232421875,333.673614501953,26.0123138427734,421.488189697266,46.5832405090332
364.174072265625,794.484436035156,2813.52099609375,3696.21875,334.464935302734,27.3353652954102,380.663543701172,41.9146461486816
351.158233642578,794.826171875,2836.25561523437,3695.09594726562,320.376037597656,24.9610385894775,405.657989501953,45.6759071350098
355.325347900391,795.410705566406,2828.57983398437,3690.3515625,308.794067382812,24.404842376709,398.6611328125,49.2291297912598
362.725067138672,796.650756835938,2820.21166992187,3692.86474609375,333.830169677734,25.801815032959,369.752136230469,51.7806587219238
364.268280029297,796.256896972656,2806.11254882812,3697.14599609375,337.853759765625,25.7648525238037,347.633728027344,44.4351615905762
351.966247558594,796.990905761719,2800.70336914062,3694.28637695313,330.771636962891,24.5387477874756,332.982055664062,47.2967643737793
357.904449462891,797.423217773438,2793.53637695313,3695.69702148438,352.517456054687,26.2124176025391,326.096740722656,49.6949081420898
350.825134277344,797.274658203125,2797.43286132812,3693.91357421875,351.321685791016,26.3923683166504,336.022888183594,49.5807266235352
357.736846923828,796.023193359375,2795.82641601562,3694.24633789062,356.542724609375,25.9684314727783,334.982025146484,43.5076904296875
360.853790283203,796.103576660156,2798.9580078125,3696.87280273437,319.993774414062,25.0425453186035,342.618011474609,46.2970733642578
362.764587402344,796.394775390625,2778.423828125,3697.95678710937,323.759460449219,25.8590354919434,313.892700195312,45.5285949707031
359.227996826172,795.138244628906,2782.923828125,3686.3916015625,338.856109619141,26.6683673858643,348.541931152344,50.5443840026855
362.550903320312,795.044494628906,2785.95043945313,3688.05419921875,331.904357910156,26.5895748138428,359.229949951172,49.1609573364258
354.079467773437,795.2685546875,2785.04467773437,3688.65454101562,333.047119140625,25.8561267852783,347.686614990234,48.2155342102051
359.134124755859,795.918395996094,2798.04736328125,3690.8232421875,333.059783935547,24.8246269226074,346.564575195312,51.6064529418945
357.916320800781,797.328369140625,2773.03247070312,3687.3203125,341.452972412109,25.2272872924805,303.741241455078,54.2714195251465
352.060699462891,796.313598632813,2780.1572265625,3692.3369140625,336.790496826172,25.2927780151367,307.188568115234,49.1256561279297
355.284637451172,795.64404296875,2782.03662109375,3690.31030273437,338.513244628906,25.8804225921631,328.285675048828,49.3877983093262
361.651153564453,796.367919921875,2770.51123046875,3691.86352539062,336.869171142578,26.2733345031738,296.559722900391,46.8692588806152
356.386383056641,796.110107421875,2768.96044921875,3690.95434570312,332.501037597656,24.9341564178467,291.091918945312,44.9430885314941
362.692352294922,794.987915039063,2779.74072265625,3689.13623046875,321.100982666016,25.5764217376709,320.152099609375,45.5547485351562
370.45068359375,793.048583984375,2780.92504882812,3687.47265625,311.581573486328,25.3470268249512,324.765167236328,40.457893371582
366.564971923828,793.023010253906,2787.30737304687,3686.66796875,299.203887939453,24.7485828399658,351.285797119141,47.5093154907227
357.943878173828,793.237487792969,2778.68872070312,3688.90356445312,323.2978515625,24.7991733551025,353.989318847656,42.1501922607422
369.3369140625,793.360473632812,2793.169921875,3684.80737304687,294.337585449219,23.4615840911865,374.952026367187,47.4444732666016
360.345611572266,790.636108398438,2811.17456054687,3676.48681640625,297.857299804688,23.5938835144043,411.574676513672,46.8835983276367
361.215270996094,790.625061035156,2821.17749023437,3675.00610351563,290.146087646484,23.7707614898682,445.883178710938,55.1810150146484
364.1083984375,791.647521972656,2825.17431640625,3679.09204101562,307.531768798828,24.5328407287598,448.483062744141,49.8882331848145
366.785217285156,791.425231933594,2803.64575195313,3678.4296875,329.313171386719,25.5915927886963,418.613983154297,52.7386589050293
368.576324462891,791.163330078125,2805.90380859375,3678.88623046875,318.948669433594,24.6143283843994,426.084350585938,47.9795761108398
360.436676025391,791.759216308594,2818.43505859375,3676.02197265625,312.644439697266,23.516487121582,432.113433837891,56.2613296508789
363.642456054687,792.270874023438,2803.20751953125,3678.46899414062,332.585998535156,24.0734519958496,404.668579101562,49.5299301147461
363.298278808594,792.684875488281,2785.0625,3679.18920898438,307.520874023437,23.2474536895752,385.310028076172,53.9561309814453
365.095458984375,793.399963378906,2795.04638671875,3682.0947265625,310.757141113281,24.0645885467529,379.145568847656,51.3893699645996
366.457489013672,792.776184082031,2785.66064453125,3686.32788085938,321.554229736328,25.3405742645264,404.5458984375,53.2208824157715
368.767333984375,793.330505371094,2790.615234375,3682.38354492187,324.187866210938,26.0572624206543,432.793609619141,55.4512901306152
372.289520263672,792.081604003906,2778.9384765625,3678.89135742187,337.009826660156,27.3748245239258,409.564483642578,56.6611480712891
362.178741455078,792.225280761719,2777.86499023437,3679.03686523437,342.207580566406,26.9246387481689,434.329986572266,54.7641944885254
370.408538818359,791.7060546875,2776.53173828125,3676.78149414062,338.510772705078,27.421272277832,452.907196044922,64.3378448486328
365.490875244141,792.700927734375,2776.43115234375,3678.62255859375,347.042755126953,27.3983707427978,475.997192382813,56.0792999267578
360.444396972656,793.1435546875,2772.39599609375,3677.12084960937,317.155670166016,26.0348796844482,400.396026611328,64.3325729370117
368.793823242187,792.959167480469,2781.06225585937,3676.33911132812,327.258758544922,26.4031734466553,440.518188476563,68.2673187255859
372.083312988281,794.501098632813,2769.0966796875,3679.43505859375,353.955841064453,28.5489349365234,377.511505126953,66.4856948852539
364.813537597656,794.281982421875,2768.97705078125,3681.859375,343.336029052734,26.1284275054932,370.418884277344,58.5466575622559
371.021575927734,794.025268554688,2775.04345703125,3681.39331054687,320.446441650391,25.648078918457,377.628204345703,62.0795516967773
366.862426757812,792.423767089844,2791.693359375,3677.75390625,317.860473632813,26.2634181976318,478.803527832031,59.4633255004883
367.063873291016,793.638977050781,2776.24755859375,3682.56860351562,311.827850341797,26.1403770446777,454.912628173828,60.7190818786621
375.462829589844,794.190185546875,2789.71704101563,3686.99072265625,326.636077880859,28.2098217010498,449.307983398438,59.8136444091797
374.140441894531,792.640686035156,2783.158203125,3682.720703125,340.531433105469,28.5454158782959,433.010223388672,57.2330360412598
365.218200683594,791.466552734375,2774.279296875,3676.6708984375,310.756774902344,27.6229972839355,457.189300537109,60.2142906188965
365.168121337891,792.16455078125,2761.91259765625,3678.03637695312,315.109954833984,26.9527263641357,416.074310302734,59.9438896179199
369.652404785156,791.5107421875,2756.4287109375,3676.08642578125,306.260925292969,26.5017414093018,397.295166015625,51.5725212097168
380.783416748047,789.870422363281,2760.224609375,3672.42724609375,301.689392089844,27.6247406005859,459.765716552734,52.1404037475586
369.901641845703,789.099731445313,3665.45947265625,3939.0986328125,274.328094482422,24.6410102844238,57.1935844421387,310.039489746094
373.147491455078,788.907775878906,3666.22485351562,3948.921875,269.101379394531,25.0972175598145,55.7423477172852,407.421295166016
373.122436523437,788.453918457031,3662.84399414062,3928.92626953125,252.418579101563,24.9880466461182,57.2433624267578,311.646209716797
372.060699462891,789.015930175781,3660.56640625,3914.33251953125,256.687927246094,23.4873390197754,60.006763458252,280.892425537109
376.904846191406,787.874633789063,3664.2060546875,3952.9638671875,262.036163330078,24.6513557434082,50.3627624511719,335.986450195312
371.075378417969,787.754699707031,3661.07250976563,3922.93994140625,246.478012084961,24.4740142822266,57.6284446716309,290.339324951172
376.456909179687,786.670837402344,3658.66186523438,3930.412109375,249.540328979492,25.5415534973145,53.7640037536621,301.852386474609
374.149230957031,786.745178222656,3659.19165039063,3935.04516601562,235.054901123047,23.7619724273682,54.4169921875,299.510406494141
373.799163818359,787.439758300781,3665.28173828125,3944.46508789062,267.084167480469,25.6902885437012,53.6826553344727,383.412017822266
375.154968261719,787.781311035156,3661.26977539062,3938.47998046875,264.06103515625,25.7238101959229,60.6177825927734,411.74365234375
376.159393310547,786.868896484375,3662.77294921875,3961.62109375,254.991592407227,25.3470134735107,49.697437286377,388.145599365234
374.750061035156,786.76708984375,3654.19360351562,3913.89111328125,235.603103637695,24.3066520690918,56.8520851135254,253.953201293945
371.803283691406,788.0439453125,3663.64135742187,3936.00341796875,257.524322509766,24.737398147583,57.5155792236328,381.054779052734
375.580963134766,788.423278808594,3668.42065429688,3956.8388671875,254.200820922852,24.1518936157227,55.4663887023926,358.966033935547
380.307250976562,787.528198242188,3659.32299804687,3934.73559570312,244.70361328125,23.6729354858398,57.7504997253418,351.660980224609
374.683288574219,787.373107910156,3662.74682617188,3930.8515625,244.502685546875,23.1929817199707,55.3413696289063,327.861633300781
371.163970947266,787.348449707031,3661.06176757813,3927.3115234375,242.995559692383,22.9959812164307,58.8835334777832,328.285461425781
373.003967285156,787.595397949219,3661.939453125,3924.34692382812,245.324844360352,23.5411701202393,55.5624351501465,302.785247802734
371.291259765625,788.519775390625,3668.73852539062,3964.03833007812,276.155609130859,25.2189311981201,48.7773666381836,336.484405517578
369.170501708984,788.160217285156,3664.99438476562,3947.578125,257.337127685547,23.597375869751,53.7259826660156,331.747009277344
372.371734619141,787.638977050781,3662.97485351562,3937.724609375,251.207260131836,23.7303199768066,56.0686836242676,335.977722167969
373.712951660156,787.662658691406,3661.36401367187,3947.1005859375,251.994491577148,23.1948585510254,54.0252876281738,325.164703369141
384.229919433594,787.290283203125,3660.77612304688,3929.29296875,248.004379272461,23.1191959381103,54.606876373291,266.064514160156
373.071014404297,787.495239257813,3658.88134765625,3925.25122070312,245.815460205078,24.3462181091309,54.7562713623047,279.873992919922
378.392669677734,789.774169921875,3664.51489257812,3930.57885742187,268.026245117187,24.5513153076172,60.3643493652344,292.281616210937
369.666198730469,790.218505859375,3668.42993164062,3933.15649414063,251.55712890625,22.9799327850342,60.7961235046387,283.522735595703
372.207092285156,790.786071777344,3676.85546875,3966.63916015625,285.698211669922,25.0239658355713,50.8505897521973,382.366333007812
376.085876464844,791.163818359375,3673.38598632812,3945.43896484375,277.184844970703,24.771427154541,59.8544387817383,350.311889648437
